<?xml version="1.0" encoding="utf-8"?>
<modification>
    <name>Opencart ADMIN REST API - Option cioptionsku</name>
    <version>1.0</version>
    <author>Opencart-api.com</author>
    <link>http://opencart-api.com</link>
    <code>rest_api_option_cioptionsku</code>
    <file path="catalog/model/rest/restadmin.php">
        <operation>
            <search><![CDATA[
                'sku'           		  => isset($product_option_value['option_sku']) ? $product_option_value['option_sku'] : ''
			]]></search>
            <add position="replace"><![CDATA[
                'sku'           		  => isset($product_option_value['ciopsku']) ? $product_option_value['ciopsku'] : ''
			]]></add>
        </operation>
        <operation error="log">
            <search><![CDATA[
				$sql.= ",option_sku = '" . $this->db->escape($product_option_value['option_sku']) . "'";
			]]></search>
            <add position="replace"><![CDATA[
                $sql.= ",ciopsku = '" . $this->db->escape($product_option_value['option_sku']) . "'";
			]]></add>
        </operation>
        <operation error="log">
            <search><![CDATA[
				WHERE option_sku =
			]]></search>
            <add position="replace"><![CDATA[
                WHERE ciopsku =
			]]></add>
        </operation>
    </file>
</modification>