<?xml version="1.0" encoding="utf-8"?>
<modification>
    <name>Opencart ADMIN REST API - Option SKU</name>
    <version>1.0</version>
    <author>Opencart-api.com</author>
    <link>http://opencart-api.com</link>
    <code>rest_api_option_sku</code>
    <file path="catalog/model/rest/restadmin.php">
        <operation>
            <search><![CDATA[
                'sku'           		  => isset($product_option_value['option_sku']) ? $product_option_value['option_sku'] : ''
			]]></search>
            <add position="replace"><![CDATA[
	            'model'					  => $this->getproductoptionvaluedata('model',$product_option_value['product_option_value_id']),
                'sku'					  => $this->getproductoptionvaluedata('sku',$product_option_value['product_option_value_id']),
                'image'					  => $this->getproductoptionvaluedata('image',$product_option_value['product_option_value_id']),
			]]></add>
        </operation>
        <operation>
            <search><![CDATA[
                public function getExtendedProductOptions($product_id) {
			]]></search>
            <add position="before"><![CDATA[

	            public function getproductoptionvaluedata($key,$product_option_value_id){
					$query = $this->db->query("SELECT $key FROM ".DB_PREFIX."product_option_value_data WHERE product_option_value_id = '".(int)$product_option_value_id."'");
					return (isset($query->row[$key]) ? $query->row[$key] : '');
				}

			]]></add>
        </operation>

    </file>
    <file path="catalog/controller/rest/product_admin.php">
        <operation>
            <search><![CDATA[
                'sku' => isset($option_value['sku']) ? $option_value['sku'] : ''
			]]></search>
            <add position="replace"><![CDATA[
	            'sku' => isset($option_value['sku']) ? $option_value['sku'] : '',
	            'model' => isset($option_value['model']) ? $option_value['model'] : '',
			]]></add>
        </operation>

    </file>

</modification>